,Date,btc,eth,bnc
0,2017-07-25,2576.47998,206.710007,0.10587
1,2017-07-26,2529.449951,203.953003,0.105138
2,2017-07-27,2671.780029,204.317993,0.107737
3,2017-07-28,2809.01001,193.123001,0.104067
4,2017-07-29,2726.449951,205.789001,0.107811
5,2017-07-30,2757.179932,197.977997,0.106414
6,2017-07-31,2875.340088,203.871002,0.10425
7,2017-08-01,2718.26001,226.768997,0.099867
8,2017-08-02,2710.669922,219.951996,0.100452
9,2017-08-03,2804.72998,225.341995,0.106642
10,2017-08-04,2895.889893,223.072998,0.107494
11,2017-08-05,3252.909912,256.506989,0.128871
12,2017-08-06,3213.939941,261.566986,0.130999
13,2017-08-07,3378.939941,269.179993,0.148848
14,2017-08-08,3419.939941,296.769012,0.224421
15,2017-08-09,3342.469971,296.027008,0.242912
16,2017-08-10,3381.280029,295.891998,0.349079
17,2017-08-11,3650.620117,308.864014,0.392572
18,2017-08-12,3884.709961,310.601013,0.446365
19,2017-08-13,4073.26001,298.063995,0.876828
20,2017-08-14,4325.129883,300.096985,1.29557
21,2017-08-15,4181.930176,289.817993,1.05655
22,2017-08-16,4376.629883,302.266998,1.43724
23,2017-08-17,4331.689941,301.457001,1.96715
24,2017-08-18,4160.620117,295.589996,2.384
25,2017-08-19,4193.700195,297.470001,2.09337
26,2017-08-20,4087.659912,301.428009,2.50258
27,2017-08-21,4001.73999,321.591003,2.70111
28,2017-08-22,4100.52002,314.785004,2.48527
29,2017-08-23,4151.52002,317.519012,2.58043
30,2017-08-24,4334.680176,325.610992,2.37932
31,2017-08-25,4371.600098,331.915009,2.49687
32,2017-08-26,4352.399902,333.881989,2.16936
33,2017-08-27,4382.879883,347.893005,2.00519
34,2017-08-28,4382.660156,347.747009,2.0429
35,2017-08-29,4579.02002,370.666992,2.32758
36,2017-08-30,4565.299805,378.484985,2.35005
37,2017-08-31,4703.390137,383.041992,2.20379
38,2017-09-01,4892.009766,387.740997,2.38417
39,2017-09-02,4578.77002,348.984009,1.99268
40,2017-09-03,4582.959961,347.484009,1.5758
41,2017-09-04,4236.310059,295.17099,1.04957
42,2017-09-05,4376.529785,312.988007,0.973716
43,2017-09-06,4597.120117,334.338013,1.08614
44,2017-09-07,4599.879883,329.428009,1.36622
45,2017-09-08,4228.75,296.497009,1.00683
46,2017-09-09,4226.060059,294.404999,0.989301
47,2017-09-10,4122.939941,288.747009,0.942159
48,2017-09-11,4161.27002,294.532013,1.02581
49,2017-09-12,4130.810059,291.463989,1.03568
50,2017-09-13,3882.590088,277.112,0.937204
51,2017-09-14,3154.949951,213.908005,0.678784
52,2017-09-15,3637.52002,250.464005,0.799709
53,2017-09-16,3625.040039,246.522003,0.804198
54,2017-09-17,3582.879883,251.748993,0.789589
55,2017-09-18,4065.199951,293.497009,0.909202
56,2017-09-19,3924.969971,282.803986,0.802425
57,2017-09-20,3905.949951,283.742004,0.74789
58,2017-09-21,3631.040039,258.579987,0.70214
59,2017-09-22,3630.699951,264.309998,0.715893
60,2017-09-23,3792.399902,286.167999,0.770965
61,2017-09-24,3682.840088,282.483002,0.783268
62,2017-09-25,3926.070068,292.332001,0.917059
63,2017-09-26,3892.350098,287.437988,0.860747
64,2017-09-27,4200.669922,306.46701,1.14366
65,2017-09-28,4174.72998,299.154999,1.37788
66,2017-09-29,4163.069824,291.46701,1.26624
67,2017-09-30,4338.709961,301.464996,1.28358
68,2017-10-01,4403.740234,302.337006,1.52653
69,2017-10-02,4409.319824,297.475006,1.96467
70,2017-10-03,4317.47998,292.463013,1.8207
71,2017-10-04,4229.359863,292.65799,1.60148
72,2017-10-05,4328.410156,295.863007,1.67849
73,2017-10-06,4370.810059,308.588013,1.57991
74,2017-10-07,4426.890137,311.123993,1.58425
75,2017-10-08,4610.47998,308.608002,1.21723
76,2017-10-09,4772.02002,297.391998,1.40378
77,2017-10-10,4781.990234,299.869995,1.39336
78,2017-10-11,4826.47998,303.455994,1.43373
79,2017-10-12,5446.910156,304.135986,1.34376
80,2017-10-13,5647.209961,338.756989,1.43548
81,2017-10-14,5831.790039,339.627991,1.53819
82,2017-10-15,5678.189941,336.595001,1.55844
83,2017-10-16,5725.589844,333.384003,1.4407
84,2017-10-17,5605.509766,317.082001,1.38995
85,2017-10-18,5590.689941,314.319,1.32756
86,2017-10-19,5708.52002,308.088013,1.28461
87,2017-10-20,6011.450195,304.006012,1.24192
88,2017-10-21,6031.600098,300.187012,1.25405
89,2017-10-22,6008.419922,295.446014,1.21377
90,2017-10-23,5930.319824,286.950012,1.18373
91,2017-10-24,5526.640137,298.328003,1.24843
92,2017-10-25,5750.799805,297.924988,1.25278
93,2017-10-26,5904.830078,296.527008,1.2086
94,2017-10-27,5780.899902,297.423004,1.17418
95,2017-10-28,5753.089844,296.298004,1.15257
96,2017-10-29,6153.850098,305.088013,1.24123
97,2017-10-30,6130.529785,307.751007,1.31227
98,2017-10-31,6468.399902,305.878998,1.31289
99,2017-11-01,6767.310059,291.694,1.26154
100,2017-11-02,7078.5,287.428986,1.29963
101,2017-11-03,7207.759766,305.710999,1.45922
102,2017-11-04,7379.950195,300.468994,1.6372
103,2017-11-05,7407.410156,296.263,1.52166
104,2017-11-06,7022.759766,298.891998,1.56979
105,2017-11-07,7144.379883,294.658997,1.80644
106,2017-11-08,7459.689941,309.070007,2.03102
107,2017-11-09,7143.580078,320.884003,1.99077
108,2017-11-10,6618.140137,299.252991,1.79684
109,2017-11-11,6357.600098,314.681,1.67047
110,2017-11-12,5950.069824,307.90799,1.51969
111,2017-11-13,6559.490234,316.716003,1.68662
112,2017-11-14,6635.75,337.631012,1.59258
113,2017-11-15,7315.540039,333.356995,1.53045
114,2017-11-16,7871.689941,330.924011,1.57792
115,2017-11-17,7708.990234,332.394012,1.51036
116,2017-11-18,7790.149902,347.612,1.67433
117,2017-11-19,8036.490234,354.385986,1.61377
118,2017-11-20,8200.639648,366.730011,1.62445
119,2017-11-21,8071.259766,360.401001,1.57406
120,2017-11-22,8253.549805,380.652008,1.61175
121,2017-11-23,8038.77002,410.165985,1.5487
122,2017-11-24,8253.69043,474.911011,1.71771
123,2017-11-25,8790.919922,466.276001,1.87387
124,2017-11-26,9330.549805,471.329987,1.85313
125,2017-11-27,9818.349609,480.355011,1.94298
126,2017-11-28,10058.799805,472.902008,1.91711
127,2017-11-29,9888.610352,427.52301,1.75153
128,2017-11-30,10233.599609,447.114014,1.99697
129,2017-12-01,10975.599609,466.540009,2.07023
130,2017-12-02,11074.599609,463.449005,2.08416
131,2017-12-03,11323.200195,465.852997,2.22725
132,2017-12-04,11657.200195,470.20401,2.49168
133,2017-12-05,11916.700195,463.281006,2.5953
134,2017-12-06,14291.5,428.588013,2.58769
135,2017-12-07,17899.699219,434.40799,2.77995
136,2017-12-08,16569.400391,456.031006,2.83067
137,2017-12-09,15178.200195,473.502014,2.61043
138,2017-12-10,15455.400391,441.721008,2.48337
139,2017-12-11,16936.800781,515.135986,2.70665
140,2017-12-12,17415.400391,651.43103,2.68475
141,2017-12-13,16408.199219,702.767029,2.7781
142,2017-12-14,16564.0,695.815979,3.15874
143,2017-12-15,17706.900391,684.447998,3.99615
144,2017-12-16,19497.400391,696.208984,4.66465
145,2017-12-17,19140.800781,719.974976,5.75672
146,2017-12-18,19114.199219,794.64502,5.61585
147,2017-12-19,17776.699219,826.822998,5.79233
148,2017-12-20,16624.599609,819.085999,5.17621
149,2017-12-21,15802.900391,821.062988,5.18001
150,2017-12-22,13831.799805,674.859985,4.33615
151,2017-12-23,14699.200195,719.387024,4.83926
152,2017-12-24,13925.799805,694.14801,5.28568
153,2017-12-25,14026.599609,765.833984,6.56001
154,2017-12-26,16099.799805,773.835999,9.02942
155,2017-12-27,15838.5,762.84198,10.107
156,2017-12-28,14606.5,737.02301,9.32141
157,2017-12-29,14656.200195,753.59198,8.8076
158,2017-12-30,12952.200195,717.257019,7.84101
159,2017-12-31,14156.400391,756.732971,8.63558
160,2018-01-01,13657.200195,772.640991,8.41461
161,2018-01-02,14982.099609,884.44397,8.83777
162,2018-01-03,15201.0,962.719971,9.53588
163,2018-01-04,15599.200195,980.921997,9.21399
164,2018-01-05,17429.5,997.719971,14.9172
165,2018-01-06,17527.0,1041.680054,22.7598
166,2018-01-07,16477.599609,1153.170044,18.656799
167,2018-01-08,15170.099609,1148.530029,18.2609
168,2018-01-09,14595.400391,1299.73999,17.4118
169,2018-01-10,14973.299805,1255.819946,17.3908
170,2018-01-11,13405.799805,1154.930054,21.0427
171,2018-01-12,13980.599609,1273.199951,22.316299
172,2018-01-13,14360.200195,1396.420044,22.1744
173,2018-01-14,13772.0,1366.77002,20.7773
174,2018-01-15,13819.799805,1291.920044,19.564699
175,2018-01-16,11490.5,1053.689941,13.8919
176,2018-01-17,11188.599609,1014.25,14.2032
177,2018-01-18,11474.900391,1036.280029,14.2804
178,2018-01-19,11607.400391,1039.099976,14.9406
179,2018-01-20,12899.200195,1155.150024,16.1903
180,2018-01-21,11600.099609,1049.579956,14.0683
181,2018-01-22,10931.400391,1003.26001,13.0146
182,2018-01-23,10868.400391,986.229004,13.0935
183,2018-01-24,11359.400391,1058.780029,13.6287
184,2018-01-25,11259.400391,1056.030029,13.2284
185,2018-01-26,11171.400391,1055.170044,13.2182
186,2018-01-27,11440.700195,1107.069946,13.253
187,2018-01-28,11786.299805,1246.01001,13.5402
188,2018-01-29,11296.400391,1182.359985,12.7645
189,2018-01-30,10106.299805,1071.130005,11.2507
190,2018-01-31,10221.099609,1118.310059,11.145
191,2018-02-01,9170.540039,1036.790039,9.51584
192,2018-02-02,8830.75,915.784973,9.65229
193,2018-02-03,9174.910156,964.018982,9.74968
194,2018-02-04,8277.009766,834.682007,8.45864
195,2018-02-05,6955.27002,697.950989,6.70503
196,2018-02-06,7754.0,793.122009,8.28885
197,2018-02-07,7621.299805,757.067993,8.09501
198,2018-02-08,8265.589844,817.807007,8.5955
199,2018-02-09,8736.980469,883.86499,9.73046
200,2018-02-10,8621.900391,860.414978,9.25597
201,2018-02-11,8129.970215,814.659973,8.70491
202,2018-02-12,8926.570313,868.70697,9.32247
203,2018-02-13,8598.30957,845.257996,8.98678
204,2018-02-14,9494.629883,923.560974,10.4006
205,2018-02-15,10166.400391,936.976013,10.9311
206,2018-02-16,10233.900391,944.210022,11.2016
207,2018-02-17,11112.700195,974.11499,11.6893
208,2018-02-18,10551.799805,923.921021,10.7024
209,2018-02-19,11225.299805,943.86499,11.0757
210,2018-02-20,11403.700195,895.370972,9.90451
211,2018-02-21,10690.400391,849.971008,9.38079
212,2018-02-22,10005.0,812.844971,8.90403
213,2018-02-23,10301.099609,864.189026,9.69211
214,2018-02-24,9813.070313,840.515015,9.14191
215,2018-02-25,9664.730469,844.809998,9.3466
216,2018-02-26,10366.700195,869.315002,9.90232
217,2018-02-27,10725.599609,878.265015,10.6599
218,2018-02-28,10397.900391,855.198975,10.4382
219,2018-03-01,10951.0,872.200012,10.5097
220,2018-03-02,11086.400391,856.853027,10.2248
221,2018-03-03,11489.700195,857.224976,10.2179
222,2018-03-04,11512.599609,866.677979,10.3481
223,2018-03-05,11573.299805,853.684021,10.1105
224,2018-03-06,10779.900391,816.950989,9.38438
225,2018-03-07,9965.570313,752.830994,9.03488
226,2018-03-08,9395.009766,704.596008,8.31044
227,2018-03-09,9337.549805,728.916016,8.31307
228,2018-03-10,8866.0,686.890015,7.67166
229,2018-03-11,9578.629883,723.338989,8.27238
230,2018-03-12,9205.120117,699.830994,8.03927
231,2018-03-13,9194.849609,690.827026,10.1152
232,2018-03-14,8269.80957,614.291016,8.95921
233,2018-03-15,8300.860352,611.304016,9.09908
234,2018-03-16,8338.349609,601.666016,9.11132
235,2018-03-17,7916.879883,552.778992,8.98774
236,2018-03-18,8223.679688,538.643982,8.95185
237,2018-03-19,8630.650391,556.726013,8.99274
238,2018-03-20,8913.469727,557.174988,9.16093
239,2018-03-21,8929.280273,561.731995,9.982
240,2018-03-22,8728.469727,539.702026,10.0663
241,2018-03-23,8879.620117,539.619019,11.7376
242,2018-03-24,8668.120117,526.439026,13.0891
243,2018-03-25,8495.780273,524.286987,12.7831
244,2018-03-26,8209.400391,489.950989,12.0614
245,2018-03-27,7833.040039,450.115997,11.5083
246,2018-03-28,7954.47998,446.278992,11.6404
247,2018-03-29,7165.700195,385.967987,10.1961
248,2018-03-30,6890.52002,394.644989,10.3504
249,2018-03-31,6973.529785,396.457001,11.0559
250,2018-04-01,6844.22998,379.606995,11.0662
251,2018-04-02,7083.799805,386.424988,12.6207
252,2018-04-03,7456.109863,416.893005,13.3607
253,2018-04-04,6853.839844,380.542999,12.1904
254,2018-04-05,6811.470215,383.231995,12.4536
255,2018-04-06,6636.319824,370.285004,12.2584
256,2018-04-07,6911.089844,385.313995,12.4557
257,2018-04-08,7023.52002,400.507996,12.1176
258,2018-04-09,6770.72998,398.526001,11.8683
259,2018-04-10,6834.759766,414.243011,12.0362
260,2018-04-11,6968.319824,430.540009,12.2309
261,2018-04-12,7889.25,492.94101,12.9525
262,2018-04-13,7895.959961,492.734985,13.5368
263,2018-04-14,7986.240234,501.477997,13.2444
264,2018-04-15,8329.110352,531.702026,13.0588
265,2018-04-16,8058.669922,511.147003,12.21
266,2018-04-17,7902.089844,502.894012,11.7694
267,2018-04-18,8163.419922,524.789001,12.2757
268,2018-04-19,8294.30957,567.888977,12.3526
269,2018-04-20,8845.830078,615.718018,12.5752
270,2018-04-21,8895.580078,605.39502,13.3784
271,2018-04-22,8802.459961,621.859985,12.8759
272,2018-04-23,8930.879883,642.547974,13.6253
273,2018-04-24,9697.5,708.15802,15.266
274,2018-04-25,8845.740234,615.416016,13.2909
275,2018-04-26,9281.509766,662.809021,14.6536
276,2018-04-27,8987.049805,647.031982,14.3291
277,2018-04-28,9348.480469,683.677979,15.2001
278,2018-04-29,9419.080078,688.880981,15.0562
279,2018-04-30,9240.549805,669.924011,14.3121
280,2018-05-01,9119.009766,673.612976,14.1643
281,2018-05-02,9235.919922,687.148987,14.4092
282,2018-05-03,9743.860352,779.54303,14.6526
283,2018-05-04,9700.759766,785.624023,14.3295
284,2018-05-05,9858.150391,816.119995,14.3687
285,2018-05-06,9654.799805,792.310974,13.9426
286,2018-05-07,9373.009766,753.724976,13.7025
287,2018-05-08,9234.820313,752.856995,13.529
288,2018-05-09,9325.179688,752.275024,14.6602
289,2018-05-10,9043.94043,727.276978,13.8184
290,2018-05-11,8441.490234,679.585999,12.9939
291,2018-05-12,8504.889648,686.047974,12.9439
292,2018-05-13,8723.94043,733.495972,13.1187
293,2018-05-14,8716.790039,730.549011,12.8707
294,2018-05-15,8510.379883,708.870972,12.5678
295,2018-05-16,8368.830078,707.049988,12.2605
296,2018-05-17,8094.319824,672.656982,12.465
297,2018-05-18,8250.969727,694.367004,15.1354
298,2018-05-19,8247.179688,696.530029,14.2457
299,2018-05-20,8513.25,715.369019,14.1178
300,2018-05-21,8418.990234,699.221985,14.7223
301,2018-05-22,8041.779785,647.741028,13.9255
302,2018-05-23,7557.819824,583.585022,12.6262
303,2018-05-24,7587.339844,601.755005,13.0003
304,2018-05-25,7480.140137,586.734009,13.008
305,2018-05-26,7355.879883,587.280029,12.7591
306,2018-05-27,7368.220215,572.66803,12.6058
307,2018-05-28,7135.990234,516.036011,11.8943
308,2018-05-29,7472.589844,565.388,12.5717
309,2018-05-30,7406.52002,559.590027,12.5709
310,2018-05-31,7494.169922,577.64502,14.1902
311,2018-06-01,7541.450195,580.04303,14.2408
312,2018-06-02,7643.450195,591.807983,14.6797
313,2018-06-03,7720.25,618.328979,14.566
314,2018-06-04,7514.470215,592.984985,14.2611
315,2018-06-05,7633.759766,609.302979,15.5993
316,2018-06-06,7653.97998,607.124023,17.247499
317,2018-06-07,7678.240234,605.187012,16.2631
318,2018-06-08,7624.919922,601.077026,16.2738
319,2018-06-09,7531.97998,597.562012,15.9632
320,2018-06-10,6786.02002,526.479004,14.1842
321,2018-06-11,6906.919922,533.283997,15.3835
322,2018-06-12,6582.359863,496.842987,15.2262
323,2018-06-13,6349.899902,477.493988,14.5891
324,2018-06-14,6675.350098,519.742004,14.8953
325,2018-06-15,6456.580078,491.003998,15.0481
326,2018-06-16,6550.160156,499.641998,15.8092
327,2018-06-17,6499.27002,500.447998,16.5788
328,2018-06-18,6734.819824,518.890991,16.8797
329,2018-06-19,6769.939941,537.95697,16.6996
330,2018-06-20,6776.549805,536.268005,16.061899
331,2018-06-21,6729.740234,527.367004,17.053301
332,2018-06-22,6083.689941,465.816986,15.5939
333,2018-06-23,6162.47998,474.519989,15.5512
334,2018-06-24,6173.22998,457.671997,14.4476
335,2018-06-25,6249.180176,460.309998,14.9209
336,2018-06-26,6093.669922,432.772003,14.12
337,2018-06-27,6157.129883,442.36499,14.0501
338,2018-06-28,5903.439941,422.36499,14.1246
339,2018-06-29,6218.299805,436.009003,14.5086
340,2018-06-30,6404.0,455.179993,14.6573
341,2018-07-01,6385.819824,453.917999,14.4041
342,2018-07-02,6614.180176,475.346985,14.5706
343,2018-07-03,6529.589844,464.195007,14.1715
344,2018-07-04,6597.549805,467.317993,14.0055
345,2018-07-05,6639.140137,474.411987,13.8505
346,2018-07-06,6673.5,474.011993,13.5296
347,2018-07-07,6856.930176,491.660004,14.4048
348,2018-07-08,6773.879883,489.118988,13.9919
349,2018-07-09,6741.75,476.682007,13.6645
350,2018-07-10,6329.950195,434.424011,12.7613
351,2018-07-11,6394.709961,446.518005,12.7049
352,2018-07-12,6228.810059,430.074005,12.0706
353,2018-07-13,6238.049805,434.027008,12.1801
354,2018-07-14,6276.120117,436.085999,12.0965
355,2018-07-15,6359.640137,449.850006,12.2891
356,2018-07-16,6741.75,480.65799,13.2373
357,2018-07-17,7321.040039,501.002014,13.7128
358,2018-07-18,7370.779785,480.513,12.8648
359,2018-07-19,7466.859863,469.618988,12.918
360,2018-07-20,7354.129883,450.697998,12.0709
361,2018-07-21,7419.290039,462.436005,12.1853
362,2018-07-22,7418.490234,459.657013,12.1199
363,2018-07-23,7711.109863,450.852997,12.0199
364,2018-07-24,8424.269531,479.372986,12.1451
365,2018-07-25,8181.390137,472.493011,12.9394
366,2018-07-26,7951.580078,464.036987,13.3973
367,2018-07-27,8165.009766,469.665985,13.9227
368,2018-07-28,8192.150391,466.89801,14.6017
369,2018-07-29,8218.459961,466.665009,14.0212
370,2018-07-30,8180.47998,457.080994,13.2169
371,2018-07-31,7780.439941,433.867004,13.7754
372,2018-08-01,7624.910156,420.747009,13.5739
373,2018-08-02,7567.149902,412.621002,14.1769
374,2018-08-03,7434.390137,418.261993,14.1346
375,2018-08-04,7032.850098,407.252014,13.8424
376,2018-08-05,7068.47998,410.515991,13.6232
377,2018-08-06,6951.799805,406.65799,13.6991
378,2018-08-07,6753.120117,380.214996,13.1461
379,2018-08-08,6305.799805,356.613007,12.1437
380,2018-08-09,6568.22998,365.588013,12.858
381,2018-08-10,6184.709961,334.175995,12.1308
382,2018-08-11,6295.72998,322.112,11.7366
383,2018-08-12,6322.689941,319.570007,11.7418
384,2018-08-13,6297.569824,286.494995,10.2282
385,2018-08-14,6199.709961,278.932007,9.42011
386,2018-08-15,6308.52002,282.364014,9.46301
387,2018-08-16,6334.72998,288.04599,9.80233
388,2018-08-17,6580.629883,315.729004,10.8678
389,2018-08-18,6423.759766,295.812012,9.90758
390,2018-08-19,6506.069824,300.834015,10.1562
391,2018-08-20,6308.529785,274.315002,9.70093
392,2018-08-21,6488.759766,281.944,9.71463
393,2018-08-22,6376.709961,271.341003,9.53973
394,2018-08-23,6534.879883,277.104004,9.71504
395,2018-08-24,6719.959961,282.96701,10.2347
396,2018-08-25,6763.189941,279.645996,10.1358
397,2018-08-26,6707.259766,275.196991,10.1856
398,2018-08-27,6884.640137,285.602997,11.2128
399,2018-08-28,7096.279785,296.498993,11.4861
400,2018-08-29,7047.160156,289.312012,11.1735
401,2018-08-30,6978.22998,284.105011,10.7626
402,2018-08-31,7037.580078,283.003998,11.0138
403,2018-09-01,7193.25,295.341003,11.3794
404,2018-09-02,7272.720215,294.371002,11.2994
405,2018-09-03,7260.060059,289.259003,11.2611
406,2018-09-04,7361.660156,285.722992,11.3592
407,2018-09-05,6792.830078,232.330994,10.0866
408,2018-09-06,6529.169922,230.214996,10.2842
409,2018-09-07,6467.069824,217.203003,10.0373
410,2018-09-08,6225.97998,197.951004,9.52008
411,2018-09-09,6300.859863,196.923996,9.51263
412,2018-09-10,6329.700195,197.078995,9.52487
413,2018-09-11,6321.200195,185.065994,9.37396
414,2018-09-12,6351.799805,183.330994,9.21443
415,2018-09-13,6517.310059,211.354004,9.60406
416,2018-09-14,6512.709961,211.748993,9.93005
417,2018-09-15,6543.200195,223.074005,10.1103
418,2018-09-16,6517.180176,220.589005,9.93602
419,2018-09-17,6281.200195,197.875,9.40526
420,2018-09-18,6371.299805,209.975006,9.54406
421,2018-09-19,6398.540039,209.968994,9.61909
422,2018-09-20,6519.669922,224.591003,10.0745
423,2018-09-21,6734.950195,246.584,10.4108
424,2018-09-22,6721.97998,240.479996,10.245
425,2018-09-23,6710.629883,244.330002,10.2806
426,2018-09-24,6595.410156,228.729996,10.0359
427,2018-09-25,6446.470215,218.505005,9.78316
428,2018-09-26,6495.0,215.847,9.73663
429,2018-09-27,6676.75,228.494003,10.0312
430,2018-09-28,6644.129883,222.401993,9.96934
431,2018-09-29,6601.959961,231.634995,9.99914
432,2018-09-30,6625.560059,232.848007,10.0178
433,2018-10-01,6589.620117,230.768005,9.94366
434,2018-10-02,6556.100098,227.181,10.3568
435,2018-10-03,6502.589844,220.488998,10.2712
436,2018-10-04,6576.689941,222.218002,10.2556
437,2018-10-05,6622.47998,227.600998,10.6362
438,2018-10-06,6588.310059,225.119995,10.3721
439,2018-10-07,6602.950195,226.119003,10.519
440,2018-10-08,6652.22998,229.255005,10.5066
441,2018-10-09,6642.640137,227.981995,10.3849
442,2018-10-10,6585.529785,225.768997,10.328
443,2018-10-11,6256.240234,189.498993,9.30132
444,2018-10-12,6274.580078,196.727005,9.52894
445,2018-10-13,6285.990234,199.841003,9.54036
446,2018-10-14,6290.930176,195.714996,9.49674
447,2018-10-15,6596.540039,209.703995,10.3161
448,2018-10-16,6596.109863,210.119995,10.0109
449,2018-10-17,6544.430176,207.082993,9.90447
450,2018-10-18,6476.709961,203.352005,9.71658
451,2018-10-19,6465.410156,203.727005,9.76675
452,2018-10-20,6489.189941,205.429993,9.75463
453,2018-10-21,6482.350098,205.141998,9.7433
454,2018-10-22,6487.160156,204.044006,9.72685
455,2018-10-23,6475.740234,204.335999,9.80308
456,2018-10-24,6495.839844,203.852005,9.74532
457,2018-10-25,6476.290039,202.718994,9.69228
458,2018-10-26,6474.75,203.328995,9.70268
459,2018-10-27,6480.379883,204.210007,9.65445
460,2018-10-28,6486.390137,205.365997,9.66679
461,2018-10-29,6332.629883,197.246994,9.40262
462,2018-10-30,6334.27002,197.556,9.38704
463,2018-10-31,6317.609863,197.380997,9.36496
464,2018-11-01,6377.779785,198.871994,9.54922
465,2018-11-02,6388.439941,200.634995,9.57308
466,2018-11-03,6361.259766,200.186005,9.53021
467,2018-11-04,6376.129883,207.485992,9.62754
468,2018-11-05,6419.660156,209.091003,9.67251
469,2018-11-06,6461.009766,218.451996,9.78081
470,2018-11-07,6530.140137,217.182999,9.81693
471,2018-11-08,6453.720215,212.231003,9.65095
472,2018-11-09,6385.620117,210.074005,9.5542
473,2018-11-10,6409.220215,212.533005,9.55752
474,2018-11-11,6411.27002,211.339996,9.466
475,2018-11-12,6371.27002,210.417999,9.36122
476,2018-11-13,6359.490234,206.826004,9.24841
477,2018-11-14,5738.350098,181.397003,8.40701
478,2018-11-15,5648.029785,180.806,8.18486
479,2018-11-16,5575.549805,175.177002,7.88448
480,2018-11-17,5554.330078,174.001007,7.7182
481,2018-11-18,5623.540039,177.067001,7.99976
482,2018-11-19,4871.490234,149.175003,6.63209
483,2018-11-20,4451.870117,130.339005,5.76021
484,2018-11-21,4602.169922,136.701004,6.19905
485,2018-11-22,4365.939941,126.706001,5.75555
486,2018-11-23,4347.109863,123.295998,5.55743
487,2018-11-24,3880.76001,113.494003,5.11528
488,2018-11-25,4009.969971,116.449997,5.18058
489,2018-11-26,3779.129883,108.334999,4.92645
490,2018-11-27,3820.719971,110.010002,4.91305
491,2018-11-28,4257.419922,122.438004,5.33696
492,2018-11-29,4278.84668,117.542648,5.346633
493,2018-11-30,4017.268555,113.171417,5.078572
494,2018-12-01,4214.671875,118.635559,5.288723
495,2018-12-02,4139.87793,116.388901,5.250417
496,2018-12-03,3894.130859,108.925018,5.109251
497,2018-12-04,3956.893799,110.214188,5.880791
498,2018-12-05,3753.994873,102.475555,5.984278
499,2018-12-06,3521.101807,91.761055,4.951687
500,2018-12-07,3419.937256,93.294563,4.52865
501,2018-12-08,3476.114746,92.159637,4.700418
502,2018-12-09,3614.234375,95.142059,4.859104
503,2018-12-10,3502.656006,91.685654,4.712263
504,2018-12-11,3424.588135,88.945305,4.940698
505,2018-12-12,3486.950195,90.5933,5.023137
506,2018-12-13,3313.677246,86.539314,4.650704
507,2018-12-14,3242.484863,84.308296,4.533357
508,2018-12-15,3236.761719,84.440811,4.563012
509,2018-12-16,3252.839111,85.2621,4.645258
510,2018-12-17,3545.864746,95.133827,5.110017
511,2018-12-18,3696.059082,101.112457,5.60027
512,2018-12-19,3745.950684,101.268578,5.491901
513,2018-12-20,4134.441406,116.216873,5.792257
514,2018-12-21,3896.543701,109.496231,5.567144
515,2018-12-22,4014.182617,116.759499,5.930578
516,2018-12-23,3998.980225,130.765259,6.059008
517,2018-12-24,4078.599121,140.238007,6.144924
518,2018-12-25,3815.490723,129.844345,5.547575
519,2018-12-26,3857.297607,131.865631,5.713105
520,2018-12-27,3654.833496,116.575912,5.27545
521,2018-12-28,3923.918701,137.647018,6.011828
522,2018-12-29,3820.408691,138.018341,5.83234
523,2018-12-30,3865.952637,139.859451,5.995711
524,2018-12-31,3742.700439,133.368256,6.164732
525,2019-01-01,3843.52002,140.819412,6.075273
526,2019-01-02,3943.409424,155.047684,6.188613
527,2019-01-03,3836.741211,149.13501,5.903535
528,2019-01-04,3857.717529,154.58194,6.065138
529,2019-01-05,3845.19458,155.638596,6.065543
530,2019-01-06,4076.632568,157.746201,6.395979
531,2019-01-07,4025.248291,151.699219,6.291411
532,2019-01-08,4030.8479,150.359634,6.640054
533,2019-01-09,4035.296387,150.803116,6.64155
534,2019-01-10,3678.924561,128.625183,5.915919
535,2019-01-11,3687.365479,127.548325,6.075342
536,2019-01-12,3661.301025,125.96653,5.976965
537,2019-01-13,3552.953125,116.897804,5.568757
538,2019-01-14,3706.052246,129.068726,6.159282
539,2019-01-15,3630.675293,122.032715,5.919048
540,2019-01-16,3655.006836,123.547066,6.186014
541,2019-01-17,3678.563965,123.74192,6.417832
542,2019-01-18,3657.839355,121.010262,6.56304
543,2019-01-19,3728.568359,124.51902,6.635449
544,2019-01-20,3601.013672,119.474831,6.493869
545,2019-01-21,3576.032471,117.157852,6.553025
546,2019-01-22,3604.577148,118.747551,6.523199
547,2019-01-23,3585.123047,117.452606,6.541402
548,2019-01-24,3600.865479,117.362885,6.505792
549,2019-01-25,3599.765869,116.378342,6.737325
550,2019-01-26,3602.460449,116.488739,7.006565
551,2019-01-27,3583.96582,113.405289,7.088199
552,2019-01-28,3470.450439,106.589973,6.206182
553,2019-01-29,3448.116943,105.598213,6.18167
554,2019-01-30,3486.181641,108.907539,6.174529
555,2019-01-31,3457.792725,107.061012,6.268436
556,2019-02-01,3487.945313,107.609787,6.562617
557,2019-02-02,3521.060791,110.43026,6.891695
558,2019-02-03,3464.013428,107.492668,6.738165
559,2019-02-04,3459.154053,107.821602,7.1005
560,2019-02-05,3466.357422,107.44352,7.81981
561,2019-02-06,3413.767822,104.919289,8.086174
562,2019-02-07,3399.47168,104.535301,7.730325
563,2019-02-08,3666.780273,119.267746,8.575567
564,2019-02-09,3671.203613,119.430885,8.871357
565,2019-02-10,3690.188232,124.806488,9.21154
566,2019-02-11,3648.430664,121.298393,9.551809
567,2019-02-12,3653.528564,122.572289,9.341781
568,2019-02-13,3632.070557,122.553604,8.941073
569,2019-02-14,3616.880859,121.390205,8.782048
570,2019-02-15,3620.810791,122.100388,9.273832
571,2019-02-16,3629.787598,123.260216,9.129251
572,2019-02-17,3673.836182,133.598877,9.216046
573,2019-02-18,3915.714355,146.098373,9.634436
574,2019-02-19,3947.094482,145.346191,10.563078
575,2019-02-20,3999.820557,149.554337,10.966056
576,2019-02-21,3954.118164,146.130844,10.492892
577,2019-02-22,4005.526611,149.092453,10.837115
578,2019-02-23,4142.526855,158.795425,10.781801
579,2019-02-24,3810.42749,135.852661,10.113093
580,2019-02-25,3882.696289,139.822861,9.842012
581,2019-02-26,3854.35791,138.089676,9.521595
582,2019-02-27,3851.047363,136.125961,9.899132
583,2019-02-28,3854.7854,136.746246,10.365178
584,2019-03-01,3859.58374,136.443619,11.393217
585,2019-03-02,3864.415039,134.206955,11.869744
586,2019-03-03,3847.175781,132.24942,11.537903
587,2019-03-04,3761.557129,127.774124,11.545945
588,2019-03-05,3896.375,137.822388,13.811967
589,2019-03-06,3903.942627,138.789352,14.517946
590,2019-03-07,3911.484375,138.0345,15.145886
591,2019-03-08,3901.131592,135.127075,14.366936
592,2019-03-09,3963.313721,137.965332,14.565879
593,2019-03-10,3951.599854,136.758682,14.494439
594,2019-03-11,3905.227295,133.83403,14.514414
595,2019-03-12,3909.15625,134.442886,15.406131
596,2019-03-13,3906.717285,133.263077,15.115124
597,2019-03-14,3924.369141,133.711594,15.051104
598,2019-03-15,3960.911133,137.691788,15.077102
599,2019-03-16,4048.72583,142.398178,16.119011
600,2019-03-17,4025.229004,140.000549,15.761146
601,2019-03-18,4032.507324,139.374603,15.682012
602,2019-03-19,4071.190186,140.519196,15.693595
603,2019-03-20,4087.476318,140.686356,15.280023
604,2019-03-21,4029.326904,136.636063,14.517393
605,2019-03-22,4023.968262,137.181442,15.266424
606,2019-03-23,4035.826416,138.239868,15.235995
607,2019-03-24,4022.168213,136.986923,17.285357
608,2019-03-25,3963.070557,135.031021,16.841007
609,2019-03-26,3985.080811,135.460358,16.335665
610,2019-03-27,4087.066162,140.988159,16.781343
611,2019-03-28,4069.107178,139.416473,16.80533
612,2019-03-29,4098.374512,142.497421,16.510141
613,2019-03-30,4106.660156,142.092682,16.932213
614,2019-03-31,4105.404297,141.514099,17.40167
615,2019-04-01,4158.183105,141.830322,17.950502
616,2019-04-02,4879.87793,163.961746,19.789783
617,2019-04-03,4973.021973,161.458801,18.753063
618,2019-04-04,4922.798828,158.052536,19.142689
619,2019-04-05,5036.681152,165.514847,19.453466
620,2019-04-06,5059.817383,165.947205,19.115629
621,2019-04-07,5198.896973,174.531647,19.110271
622,2019-04-08,5289.770996,180.25882,18.113703
623,2019-04-09,5204.958496,176.114578,18.435053
624,2019-04-10,5324.551758,177.337479,18.248579
625,2019-04-11,5064.487793,165.497025,17.70048
626,2019-04-12,5089.539063,164.736328,18.434271
627,2019-04-13,5096.586426,164.513351,18.719797
628,2019-04-14,5167.722168,167.838516,19.49202
629,2019-04-15,5067.108398,161.574173,19.402426
630,2019-04-16,5235.55957,167.623444,19.827456
631,2019-04-17,5251.937988,166.95076,19.60335
632,2019-04-18,5298.385742,173.814026,22.038479
633,2019-04-19,5303.8125,173.708435,24.475281
634,2019-04-20,5337.88623,173.751266,25.007528
635,2019-04-21,5314.53125,170.046524,24.193829
636,2019-04-22,5399.365234,171.874664,23.90811
637,2019-04-23,5572.362305,171.4478,22.876261
638,2019-04-24,5464.866699,165.826096,23.129068
639,2019-04-25,5210.515625,154.459396,22.243107
640,2019-04-26,5279.348145,156.347092,22.869429
641,2019-04-27,5268.291016,158.434937,22.341587
642,2019-04-28,5285.13916,157.295074,22.89934
643,2019-04-29,5247.352539,155.201996,21.705067
644,2019-04-30,5350.726563,162.166031,22.127836
645,2019-05-01,5402.697266,160.818344,21.953621
646,2019-05-02,5505.283691,162.122787,23.59193
647,2019-05-03,5768.289551,167.952408,23.749628
648,2019-05-04,5831.16748,164.026581,22.884832
649,2019-05-05,5795.708496,163.450699,23.019953
650,2019-05-06,5746.807129,172.653214,22.206635
651,2019-05-07,5829.501465,169.79866,20.86418
652,2019-05-08,5982.45752,170.948166,20.752676
653,2019-05-09,6174.528809,170.289307,18.828356
654,2019-05-10,6378.849121,173.142746,19.598108
655,2019-05-11,7204.771484,194.304337,21.049442
656,2019-05-12,6972.371582,187.325317,20.830297
657,2019-05-13,7814.915039,196.846283,23.811028
658,2019-05-14,7994.416016,217.148575,23.626419
659,2019-05-15,8205.167969,247.153061,26.894939
660,2019-05-16,7884.90918,264.01001,26.325806
661,2019-05-17,7343.895508,243.764587,25.682571
662,2019-05-18,7271.208008,234.59523,28.396793
663,2019-05-19,8197.689453,261.292206,29.412844
664,2019-05-20,7978.309082,251.86441,29.305387
665,2019-05-21,7963.327637,255.215881,32.007378
666,2019-05-22,7680.066406,244.698914,31.422043
667,2019-05-23,7881.84668,245.965668,31.515736
668,2019-05-24,7987.371582,249.484985,33.841393
669,2019-05-25,8052.543945,251.759872,35.053101
670,2019-05-26,8673.21582,267.069641,34.104851
671,2019-05-27,8805.77832,272.86264,33.680679
672,2019-05-28,8719.961914,271.768707,33.360947
673,2019-05-29,8659.487305,269.455688,33.744354
674,2019-05-30,8319.472656,255.858948,32.291065
675,2019-05-31,8574.501953,268.113556,32.748165
676,2019-06-01,8564.016602,265.391266,33.013649
677,2019-06-02,8742.958008,270.225525,33.174049
678,2019-06-03,8208.995117,252.607925,31.391956
679,2019-06-04,7707.770996,241.338791,29.380625
680,2019-06-05,7824.231445,247.05101,31.006264
681,2019-06-06,7822.023438,249.474335,31.480104
682,2019-06-07,8043.951172,250.930359,31.587482
683,2019-06-08,7954.12793,245.738098,32.066322
684,2019-06-09,7688.077148,233.0867,30.558287
685,2019-06-10,8000.32959,247.520126,32.064728
686,2019-06-11,7927.714355,245.78183,32.262657
687,2019-06-12,8145.857422,260.90329,34.686386
688,2019-06-13,8230.923828,256.168793,35.143143
689,2019-06-14,8693.833008,264.087463,33.076382
690,2019-06-15,8838.375,269.019318,32.825863
691,2019-06-16,8994.488281,269.223206,32.402725
692,2019-06-17,9320.352539,274.351105,33.917877
693,2019-06-18,9081.762695,265.051849,34.339508
694,2019-06-19,9273.521484,269.431793,35.287197
695,2019-06-20,9527.160156,271.695007,36.726063
696,2019-06-21,10144.556641,294.910278,38.815918
697,2019-06-22,10701.691406,309.38031,37.799755
698,2019-06-23,10855.371094,307.827789,37.134727
699,2019-06-24,11011.102539,310.424683,37.43364
700,2019-06-25,11790.916992,318.126312,36.008289
701,2019-06-26,13016.231445,336.753174,35.698311
702,2019-06-27,11182.806641,294.267639,33.823589
703,2019-06-28,12407.332031,311.226105,34.54974
704,2019-06-29,11959.371094,320.058899,35.360107
705,2019-06-30,10817.155273,290.695984,32.442482
706,2019-07-01,10583.134766,293.641113,32.922298
707,2019-07-02,10801.677734,291.596436,32.009235
708,2019-07-03,11961.269531,303.099976,32.6675
709,2019-07-04,11215.4375,284.523224,32.893326
710,2019-07-05,10978.459961,287.997528,32.713165
711,2019-07-06,11208.550781,287.547119,32.530941
712,2019-07-07,11450.84668,305.700562,33.241062
713,2019-07-08,12285.958008,313.251404,33.469681
714,2019-07-09,12573.8125,308.881012,32.707649
715,2019-07-10,12156.512695,290.002319,31.477377
716,2019-07-11,11358.662109,268.704041,29.641972
717,2019-07-12,11815.986328,276.276703,31.69433
718,2019-07-13,11392.378906,269.458801,31.506933
719,2019-07-14,10256.058594,227.578064,28.924282
720,2019-07-15,10895.089844,229.776001,28.393448
721,2019-07-16,9477.641602,199.188675,25.525009
722,2019-07-17,9693.802734,211.48497,27.219601
723,2019-07-18,10666.482422,226.566162,28.922812
724,2019-07-19,10530.732422,221.33342,29.078394
725,2019-07-20,10767.139648,229.119217,30.872244
726,2019-07-21,10599.105469,225.630768,30.519543
727,2019-07-22,10343.106445,217.560013,30.634586
728,2019-07-23,9900.767578,212.728516,29.585196
729,2019-07-24,9811.925781,217.046371,29.163717
730,2019-07-25,9911.841797,219.617996,29.002432
731,2019-07-26,9870.303711,219.629608,28.979189
732,2019-07-27,9477.677734,207.40831,27.885626
733,2019-07-28,9552.860352,211.186554,27.835171
734,2019-07-29,9519.145508,211.268051,27.203272
735,2019-07-30,9607.423828,210.522598,26.942305
736,2019-07-31,10085.62793,218.654144,27.644558
737,2019-08-01,10399.668945,217.808441,28.773273
738,2019-08-02,10518.174805,217.871567,28.038483
739,2019-08-03,10821.726563,222.490341,27.88986
740,2019-08-04,10970.18457,222.669724,27.556162
741,2019-08-05,11805.65332,234.215027,28.011879
742,2019-08-06,11478.168945,226.020645,27.638088
743,2019-08-07,11941.96875,226.391006,29.354368
744,2019-08-08,11966.407227,220.941864,30.832846
745,2019-08-09,11862.936523,210.488907,29.961473
746,2019-08-10,11354.024414,206.733536,29.681858
747,2019-08-11,11523.579102,216.092865,30.057255
748,2019-08-12,11382.616211,211.288071,30.166882
749,2019-08-13,10895.830078,208.709045,29.466278
750,2019-08-14,10051.704102,186.607742,27.105581
751,2019-08-15,10311.545898,188.50206,28.043447
752,2019-08-16,10374.338867,185.440079,27.644571
753,2019-08-17,10231.744141,185.687683,27.480522
754,2019-08-18,10345.810547,194.49353,27.932446
755,2019-08-19,10916.053711,203.091934,28.809004
756,2019-08-20,10763.232422,196.565414,28.16749
757,2019-08-21,10138.049805,186.891632,26.993715
758,2019-08-22,10131.055664,191.332916,27.089191
759,2019-08-23,10407.964844,194.706207,27.17053
760,2019-08-24,10159.960938,191.289566,26.495663
761,2019-08-25,10138.517578,186.842392,26.131847
762,2019-08-26,10370.820313,188.929382,26.10833
763,2019-08-27,10185.5,187.516663,25.688978
764,2019-08-28,9754.422852,173.889969,23.702868
765,2019-08-29,9510.200195,169.516739,21.889606
766,2019-08-30,9598.173828,168.834869,22.218857
767,2019-08-31,9630.664063,172.469788,21.265915
768,2019-09-01,9757.970703,171.629425,21.56867
769,2019-09-02,10346.760742,178.347351,22.767134
770,2019-09-03,10623.540039,179.499329,22.51454
771,2019-09-04,10594.493164,175.992889,21.796309
772,2019-09-05,10575.533203,174.217133,22.761099
773,2019-09-06,10353.302734,169.956177,22.153149
774,2019-09-07,10517.254883,178.262619,22.548977
775,2019-09-08,10441.276367,181.35553,22.561689
776,2019-09-09,10334.974609,181.14946,22.28739
777,2019-09-10,10115.975586,179.78717,21.911144
778,2019-09-11,10178.37207,178.725494,20.899321
779,2019-09-12,10410.126953,181.016098,20.922277
780,2019-09-13,10360.546875,181.109726,20.887466
781,2019-09-14,10358.048828,188.105515,21.071585
782,2019-09-15,10347.712891,189.789124,20.59894
783,2019-09-16,10276.793945,197.113174,20.398512
784,2019-09-17,10241.272461,208.608749,21.005367
785,2019-09-18,10198.248047,211.393036,22.255444
786,2019-09-19,10266.415039,221.280853,21.614601
787,2019-09-20,10181.641602,218.050049,21.371471
788,2019-09-21,10019.716797,215.516205,21.08218
789,2019-09-22,10070.392578,211.54538,20.525558
790,2019-09-23,9729.324219,201.92131,19.485477
791,2019-09-24,8620.566406,168.110733,16.06769
792,2019-09-25,8486.993164,170.8927,16.258373
793,2019-09-26,8118.967773,166.727127,15.459808
794,2019-09-27,8251.845703,174.710999,15.790263
795,2019-09-28,8245.915039,174.572891,15.851419
796,2019-09-29,8104.185547,170.503479,15.3051
797,2019-09-30,8293.868164,179.872208,15.862675
798,2019-10-01,8343.276367,177.340424,15.903211
799,2019-10-02,8393.041992,180.71051,15.950048
800,2019-10-03,8259.992188,175.199341,15.72676
801,2019-10-04,8205.939453,176.985001,15.755114
802,2019-10-05,8151.500488,176.351517,15.72358
803,2019-10-06,7988.155762,173.059143,15.34898
804,2019-10-07,8245.623047,181.18634,16.134346
805,2019-10-08,8228.783203,182.021561,16.108192
806,2019-10-09,8595.740234,193.293259,17.80658
807,2019-10-10,8586.473633,191.659668,17.571154
808,2019-10-11,8321.756836,182.569687,16.709532
809,2019-10-12,8336.555664,180.826645,17.277906
810,2019-10-13,8321.005859,182.07515,18.308025
811,2019-10-14,8374.686523,186.960907,18.459478
812,2019-10-15,8205.369141,181.406067,18.544653
813,2019-10-16,8047.526855,176.013504,17.84005
814,2019-10-17,8103.911133,178.028351,18.570269
815,2019-10-18,7973.20752,173.621338,18.254192
816,2019-10-19,7988.560547,172.913025,18.288546
817,2019-10-20,8222.078125,175.534378,18.437923
818,2019-10-21,8243.720703,174.92099,18.30555
819,2019-10-22,8078.203125,172.300858,18.195602
820,2019-10-23,7514.671875,162.402786,16.711174
821,2019-10-24,7493.48877,162.168549,16.891573
822,2019-10-25,8660.700195,181.523209,18.616058
823,2019-10-26,9244.972656,179.83548,18.889704
824,2019-10-27,9551.714844,184.242218,19.345646
825,2019-10-28,9256.148438,182.662811,19.75832
826,2019-10-29,9427.6875,190.342575,20.477106
827,2019-10-30,9205.726563,184.692169,20.08695
828,2019-10-31,9199.584961,183.966919,20.000233
829,2019-11-01,9261.104492,183.969894,20.021502
830,2019-11-02,9324.717773,183.92572,20.266994
831,2019-11-03,9235.354492,182.425018,20.206045
832,2019-11-04,9412.612305,186.355194,20.737982
833,2019-11-05,9342.527344,189.304169,20.724674
834,2019-11-06,9360.879883,191.593842,20.817923
835,2019-11-07,9267.561523,187.976547,20.646936
836,2019-11-08,8804.880859,184.211472,19.690773
837,2019-11-09,8813.582031,185.028717,19.735447
838,2019-11-10,9055.526367,189.47728,20.481758
839,2019-11-11,8757.788086,185.489639,20.133141
840,2019-11-12,8815.662109,186.843414,20.857447
841,2019-11-13,8808.262695,188.258743,21.250431
842,2019-11-14,8708.094727,185.999634,21.2647
843,2019-11-15,8491.992188,180.521179,20.316225
844,2019-11-16,8550.760742,183.348358,20.282654
845,2019-11-17,8577.975586,185.119232,20.260794
846,2019-11-18,8309.286133,180.559601,19.31687
847,2019-11-19,8206.145508,177.455551,18.703299
848,2019-11-20,8027.268066,175.698349,18.172274
849,2019-11-21,7642.75,161.462723,16.840218
850,2019-11-22,7296.577637,150.268173,15.581703
851,2019-11-23,7397.796875,153.417786,16.4195
852,2019-11-24,7047.916992,142.834702,15.278765
853,2019-11-25,7146.133789,146.476532,15.267364
854,2019-11-26,7218.371094,148.965073,15.527255
855,2019-11-27,7531.663574,153.010559,16.098288
856,2019-11-28,7463.105957,151.717575,15.683207
857,2019-11-29,7761.243652,155.304153,16.273304
858,2019-11-30,7569.629883,152.539688,15.715951
859,2019-12-01,7424.29248,151.18573,15.496336
860,2019-12-02,7321.988281,149.059158,15.191858
861,2019-12-03,7320.145508,147.956421,15.309556
862,2019-12-04,7252.034668,146.747742,15.279978
863,2019-12-05,7448.307617,149.248993,15.762839
864,2019-12-06,7546.996582,149.194443,15.711299
865,2019-12-07,7556.237793,148.768158,15.667086
866,2019-12-08,7564.345215,151.264725,15.674523
867,2019-12-09,7400.899414,148.225174,15.448539
868,2019-12-10,7278.119629,146.267044,14.95887
869,2019-12-11,7217.427246,143.608002,14.824551
870,2019-12-12,7243.134277,145.604004,14.818167
871,2019-12-13,7269.68457,144.944748,14.878744
872,2019-12-14,7124.673828,142.869232,14.505015
873,2019-12-15,7152.301758,143.11499,14.490446
874,2019-12-16,6932.480469,133.614029,13.558786
875,2019-12-17,6640.515137,122.603889,12.386941
876,2019-12-18,7276.802734,133.092194,13.53526
877,2019-12-19,7202.844238,129.321136,13.445779
878,2019-12-20,7218.816406,129.066055,13.570779
879,2019-12-21,7191.158691,128.130951,13.380659
880,2019-12-22,7511.588867,132.372513,13.835881
881,2019-12-23,7355.628418,128.61409,13.369034
882,2019-12-24,7322.532227,129.063889,13.444571
883,2019-12-25,7275.155762,126.454636,13.174839
884,2019-12-26,7238.966797,126.361221,13.208636
885,2019-12-27,7290.088379,127.214607,13.36272
886,2019-12-28,7317.990234,128.322708,13.705417
887,2019-12-29,7422.652832,134.75798,14.150045
888,2019-12-30,7292.995117,132.633484,13.947442
889,2019-12-31,7193.599121,129.610855,13.727642
890,2020-01-01,7200.174316,130.802002,13.689083
891,2020-01-02,6985.470215,127.410179,13.027011
892,2020-01-03,7344.884277,134.171707,13.660452
893,2020-01-04,7410.656738,135.069366,13.891512
894,2020-01-05,7411.317383,136.276779,14.111019
895,2020-01-06,7769.219238,144.304153,14.957808
896,2020-01-07,8163.692383,143.543991,15.00925
897,2020-01-08,8079.862793,141.258133,14.602934
898,2020-01-09,7879.071289,138.979202,14.498314
899,2020-01-10,8166.554199,143.963776,15.025826
900,2020-01-11,8037.537598,142.927109,14.946328
901,2020-01-12,8192.494141,145.873932,15.322083
902,2020-01-13,8144.194336,144.226593,15.227272
903,2020-01-14,8827.764648,165.955353,16.626122
904,2020-01-15,8807.010742,166.230682,17.654812
905,2020-01-16,8723.786133,164.391006,17.076946
906,2020-01-17,8929.038086,170.779953,18.135199
907,2020-01-18,8942.808594,175.365677,17.823919
908,2020-01-19,8706.245117,166.969849,17.369253
909,2020-01-20,8657.642578,167.120514,17.325275
910,2020-01-21,8745.894531,169.697159,18.127666
911,2020-01-22,8680.875977,168.294159,17.798361
912,2020-01-23,8406.515625,162.928558,17.021404
913,2020-01-24,8445.43457,163.051178,17.047409
914,2020-01-25,8367.847656,161.283936,16.976107
915,2020-01-26,8596.830078,168.077103,17.438633
916,2020-01-27,8909.819336,170.930893,17.691341
917,2020-01-28,9358.589844,176.370316,18.115135
918,2020-01-29,9316.629883,175.050339,17.912777
919,2020-01-30,9508.993164,184.690475,18.590408
920,2020-01-31,9350.529297,180.160172,18.210979
921,2020-02-01,9392.875,183.67395,18.218321
922,2020-02-02,9344.365234,188.617538,18.448185
923,2020-02-03,9293.521484,189.865067,18.462755
924,2020-02-04,9180.962891,189.250595,18.177366
925,2020-02-05,9613.423828,204.23024,19.21505
926,2020-02-06,9729.801758,212.339081,20.595263
927,2020-02-07,9795.943359,222.726059,22.062258
928,2020-02-08,9865.119141,223.146515,21.782419
929,2020-02-09,10116.673828,228.578568,24.308561
930,2020-02-10,9856.611328,223.522705,25.218315
931,2020-02-11,10208.236328,235.851196,25.637403
932,2020-02-12,10326.054688,265.406128,26.466763
933,2020-02-13,10214.379883,268.099243,25.4401
934,2020-02-14,10312.116211,284.217499,26.296959
935,2020-02-15,9889.424805,264.728577,24.149651
936,2020-02-16,9934.433594,259.894714,23.466389
937,2020-02-17,9690.142578,266.363434,23.551378
938,2020-02-18,10141.996094,281.94458,24.058178
939,2020-02-19,9633.386719,259.763977,22.333511
940,2020-02-20,9608.475586,257.949463,22.229147
941,2020-02-21,9686.441406,265.600616,22.184877
942,2020-02-22,9663.181641,262.331726,21.968481
943,2020-02-23,9924.515625,273.75415,22.828871
944,2020-02-24,9650.174805,265.216431,22.044127
945,2020-02-25,9341.705078,247.817596,20.34247
946,2020-02-26,8820.522461,225.680267,18.799131
947,2020-02-27,8784.494141,226.753387,19.122568
948,2020-02-28,8672.455078,226.760498,18.854837
949,2020-02-29,8599.508789,219.848511,19.584091
950,2020-03-01,8562.454102,218.970596,18.963232
951,2020-03-02,8869.669922,230.569778,19.814064
952,2020-03-03,8787.786133,224.47963,19.63719
953,2020-03-04,8755.246094,224.517975,19.959188
954,2020-03-05,9078.762695,229.268188,20.802031
955,2020-03-06,9122.545898,243.525299,21.288389
956,2020-03-07,8909.954102,237.853088,20.179567
957,2020-03-08,8108.116211,200.689056,16.974066
958,2020-03-09,7923.644531,201.986328,16.570744
959,2020-03-10,7909.729492,200.767242,16.875654
960,2020-03-11,7911.430176,194.86853,16.524834
961,2020-03-12,4970.788086,112.347122,9.600166
962,2020-03-13,5563.707031,133.201813,10.833057
963,2020-03-14,5200.366211,123.306023,10.140449
964,2020-03-15,5392.314941,125.214302,10.436018
965,2020-03-16,5014.47998,110.605873,9.38605
966,2020-03-17,5225.629395,113.942749,10.077175
967,2020-03-18,5238.438477,114.84227,10.119137
968,2020-03-19,6191.192871,136.593857,12.27964
969,2020-03-20,6198.77832,132.737167,11.875867
970,2020-03-21,6185.066406,132.81871,12.057991
971,2020-03-22,5830.254883,123.321152,11.158228
972,2020-03-23,6416.314941,134.911606,12.117715
973,2020-03-24,6734.803711,138.761444,12.40122
974,2020-03-25,6681.062988,136.195892,12.3243
975,2020-03-26,6716.44043,138.361557,13.217611
976,2020-03-27,6469.79834,133.937943,12.523257
977,2020-03-28,6242.193848,130.986496,12.193113
978,2020-03-29,5922.042969,125.583733,11.441221
979,2020-03-30,6429.841797,132.904541,12.286843
980,2020-03-31,6438.644531,133.593567,12.581606
981,2020-04-01,6606.776367,135.634552,12.741603
982,2020-04-02,6793.624512,142.029144,13.066639
983,2020-04-03,6733.387207,142.091309,13.373008
984,2020-04-04,6867.527344,145.219391,13.824528
985,2020-04-05,6791.129395,143.546646,13.734116
986,2020-04-06,7271.78125,169.13588,15.084521
987,2020-04-07,7176.414551,165.101944,14.681547
988,2020-04-08,7334.098633,172.641739,15.056076
989,2020-04-09,7302.089355,170.807144,15.062604
990,2020-04-10,6865.493164,158.412445,13.737724
991,2020-04-11,6859.083008,158.216019,13.804288
992,2020-04-12,6971.091797,161.142426,14.375111
993,2020-04-13,6845.037598,156.279556,15.034427
994,2020-04-14,6842.427734,157.59639,15.525076
995,2020-04-15,6642.109863,153.286896,14.593927
996,2020-04-16,7116.804199,172.157379,15.70273
998,2020-04-18,7257.665039,186.914001,16.593172
999,2020-04-19,7189.424805,181.61496,16.139933
1000,2020-04-20,6881.958496,172.297165,15.085403
1001,2020-04-21,6880.323242,172.737701,15.205772
1002,2020-04-22,7117.20752,182.599579,15.69316
1003,2020-04-23,7429.724609,185.028671,16.006208
1004,2020-04-24,7550.900879,189.236938,16.016418
1005,2020-04-25,7569.936035,195.515305,16.305418
1006,2020-04-26,7679.867188,197.317535,16.383768
1007,2020-04-27,7795.601074,197.224716,16.463215
1008,2020-04-28,7807.058594,198.41539,16.444286
1009,2020-04-29,8801.038086,216.968231,17.493774
1010,2020-04-30,8658.553711,207.602051,17.033976
1011,2020-05-01,8864.766602,214.219101,17.564993
1012,2020-05-02,8988.59668,215.325378,17.584904
1013,2020-05-03,8897.46875,210.933151,17.126299
1014,2020-05-04,8912.654297,208.174011,17.100756
1015,2020-05-05,9003.070313,206.774399,16.919775
1016,2020-05-06,9268.761719,204.055786,16.657045
1017,2020-05-07,9951.518555,212.289413,17.013199
1018,2020-05-08,9842.666016,212.991577,17.241476
1019,2020-05-09,9593.896484,211.600128,16.935961
1020,2020-05-10,8756.430664,188.599564,15.295669
1021,2020-05-11,8601.795898,185.912842,15.097545
1022,2020-05-12,8804.477539,189.3125,15.741054
1023,2020-05-13,9269.987305,199.193283,16.138878
1024,2020-05-14,9733.72168,202.949097,16.3578
1025,2020-05-15,9328.197266,195.622665,15.754374
1026,2020-05-16,9377.013672,200.677124,16.051781
1027,2020-05-17,9670.739258,207.158691,16.314646
1028,2020-05-18,9726.575195,214.525055,16.636265
1029,2020-05-19,9729.038086,213.451111,17.154663
1030,2020-05-20,9522.981445,210.096741,16.888025
1031,2020-05-21,9081.761719,199.883606,16.122381
1032,2020-05-22,9182.577148,207.169189,16.639593
1033,2020-05-23,9209.287109,208.694397,16.588194
1034,2020-05-24,8790.368164,202.370346,16.083439
1035,2020-05-25,8906.93457,205.319748,16.400908
1036,2020-05-26,8835.052734,201.902313,16.212547
1037,2020-05-27,9181.017578,208.863434,16.493284
1038,2020-05-28,9525.750977,219.840424,17.05934
1039,2020-05-29,9439.124023,220.675125,17.04163
1040,2020-05-30,9700.414063,242.345596,17.743418
1041,2020-05-31,9461.058594,230.975708,17.040472
1042,2020-06-01,10167.268555,246.99176,17.914942
1043,2020-06-02,9529.803711,237.219055,17.239304
1044,2020-06-03,9656.717773,244.179321,17.545404
1045,2020-06-04,9800.636719,244.426392,17.565874
1046,2020-06-05,9665.533203,241.221985,17.688786
1047,2020-06-06,9653.679688,241.93132,17.535934
1048,2020-06-07,9758.852539,245.167252,17.447035
1049,2020-06-08,9771.489258,246.309906,17.39303
1050,2020-06-09,9795.700195,244.911453,17.435377
1051,2020-06-10,9870.094727,247.444946,17.410467
1052,2020-06-11,9321.78125,231.702667,16.308926
1053,2020-06-12,9480.84375,237.49321,16.66914
1054,2020-06-13,9475.277344,238.908844,16.823734
1055,2020-06-14,9386.788086,234.1147,16.656242
1056,2020-06-15,9450.702148,229.928909,16.384802
1057,2020-06-16,9538.024414,234.416168,16.421957
1058,2020-06-17,9480.254883,233.028275,16.402542
1059,2020-06-18,9411.84082,232.101166,16.20859
1060,2020-06-19,9288.018555,227.13829,15.907086
1061,2020-06-20,9332.34082,229.274261,16.04756
1062,2020-06-21,9303.629883,228.989822,16.001226
1063,2020-06-22,9648.717773,242.533188,16.475288
1064,2020-06-23,9629.658203,244.142151,16.422567
1065,2020-06-24,9313.610352,235.772461,16.026758
1066,2020-06-25,9264.813477,232.944489,15.922709
1067,2020-06-26,9162.917969,229.668045,15.749224
1068,2020-06-27,9045.390625,222.959793,15.185254
1069,2020-06-28,9143.582031,225.347168,15.420089
1070,2020-06-29,9190.854492,228.19487,15.505232
1071,2020-06-30,9137.993164,226.315002,15.413582
1072,2020-07-01,9228.325195,231.113419,15.82946
1073,2020-07-02,9123.410156,229.392197,15.53849
1074,2020-07-03,9087.303711,225.38707,15.291962
1075,2020-07-04,9132.488281,229.074112,15.552981
1076,2020-07-05,9073.942383,227.664597,15.480226
1077,2020-07-06,9375.474609,241.510223,16.29677
1078,2020-07-07,9252.277344,239.075531,16.770226
1079,2020-07-08,9428.333008,246.670013,17.227657
1080,2020-07-09,9277.967773,243.015961,16.884869
1081,2020-07-10,9278.807617,240.984985,17.261251
1082,2020-07-11,9240.34668,239.458176,17.622179
1083,2020-07-12,9276.5,242.131699,18.236546
1084,2020-07-13,9243.614258,239.604584,18.409563
1085,2020-07-14,9243.213867,240.211487,18.082909
1086,2020-07-15,9192.836914,238.423523,17.591215
1087,2020-07-16,9132.227539,233.640884,17.143843
1088,2020-07-17,9151.392578,232.773087,17.084974
1089,2020-07-18,9159.040039,235.48381,17.126711
1090,2020-07-19,9185.817383,238.487518,17.955778
1091,2020-07-20,9164.231445,236.153168,17.484709
1092,2020-07-21,9374.887695,245.016724,17.715408
1093,2020-07-22,9525.363281,262.190643,18.091908
1094,2020-07-23,9581.072266,274.689056,18.673296
1095,2020-07-24,9536.892578,279.215424,19.152901
1096,2020-07-25,9677.113281,304.056763,19.776423
1097,2020-07-26,9905.166992,309.643616,19.521025
1098,2020-07-27,10990.873047,321.514099,19.620329
1099,2020-07-28,10912.823242,316.657257,20.173548
1100,2020-07-29,11100.467773,318.190887,19.89559
1101,2020-07-30,11111.213867,334.586639,20.012735
1102,2020-07-31,11323.466797,345.554657,20.668146
1103,2020-08-01,11759.592773,385.199707,21.530432
1104,2020-08-02,11053.614258,370.671722,20.944887
1105,2020-08-03,11246.348633,386.295166,22.055012
1106,2020-08-04,11205.892578,389.875488,22.282585
1107,2020-08-05,11747.022461,401.590576,23.336218
1108,2020-08-06,11779.773438,394.961945,22.707661
1109,2020-08-07,11601.472656,379.512848,22.311546
1110,2020-08-08,11754.045898,393.987366,22.878119
1111,2020-08-09,11675.739258,391.120453,22.475536
1112,2020-08-10,11878.111328,395.887573,22.613796
1113,2020-08-11,11410.525391,380.384064,21.256945
1114,2020-08-12,11584.93457,391.02417,21.75145
1115,2020-08-13,11784.137695,428.741791,22.075544
1116,2020-08-14,11768.871094,437.397827,23.069792
1117,2020-08-15,11865.698242,433.354919,23.021751
1118,2020-08-16,11892.803711,433.786621,23.497103
1119,2020-08-17,12254.402344,429.53125,23.510103
1120,2020-08-18,11991.233398,423.669312,23.067181
1121,2020-08-19,11758.283203,406.463776,22.310396
1122,2020-08-20,11878.37207,416.439789,23.092575
1123,2020-08-21,11592.489258,389.126343,22.128994
1124,2020-08-22,11681.825195,395.835144,22.23982
1125,2020-08-23,11664.847656,391.384491,21.870842
1126,2020-08-24,11774.595703,408.144196,22.605852
1127,2020-08-25,11366.134766,384.001038,21.475367
1128,2020-08-26,11488.363281,386.466125,22.277306
1129,2020-08-27,11323.397461,382.632629,23.080753
1130,2020-08-28,11542.5,395.874664,23.133812
1131,2020-08-29,11506.865234,399.921478,23.011272
1132,2020-08-30,11711.505859,428.395721,23.644915
1133,2020-08-31,11680.820313,435.079742,23.19305
1134,2020-09-01,11970.478516,477.05191,24.822096
1135,2020-09-02,11414.03418,440.040497,24.690363
1136,2020-09-03,10245.296875,385.671936,20.619886
1137,2020-09-04,10511.813477,388.24115,21.056107
1138,2020-09-05,10169.567383,335.260071,19.478767
1139,2020-09-06,10280.351563,353.362274,23.190662
1140,2020-09-07,10369.563477,352.673492,22.393307
1141,2020-09-08,10131.516602,337.602112,23.190248
1142,2020-09-09,10242.347656,351.110016,24.530291
1143,2020-09-10,10363.138672,368.101898,24.559889
1144,2020-09-11,10400.915039,374.695587,25.451414
1145,2020-09-12,10442.170898,387.183105,28.529848
1146,2020-09-13,10323.755859,365.570007,31.05863
1147,2020-09-14,10680.837891,377.26886,31.178642
1148,2020-09-15,10796.951172,364.839203,27.202391
1149,2020-09-16,10974.905273,365.812286,27.964594
1150,2020-09-17,10948.990234,389.019226,26.99313
1151,2020-09-18,10944.585938,384.364532,27.399481
1152,2020-09-19,11094.34668,385.544373,27.251112
1153,2020-09-20,10938.271484,371.052826,26.392134
1154,2020-09-21,10462.259766,341.786072,23.267879
1155,2020-09-22,10538.459961,344.503174,24.10074
1156,2020-09-23,10225.864258,320.585541,22.872679
1157,2020-09-24,10745.548828,349.356659,24.622034
1158,2020-09-25,10702.290039,352.161865,24.678379
1159,2020-09-26,10754.4375,354.965271,26.238441
1160,2020-09-27,10774.426758,357.321686,26.239866
1161,2020-09-28,10721.327148,354.9505,26.984694
1162,2020-09-29,10848.830078,359.963409,28.852825
1163,2020-09-30,10787.618164,360.022369,29.330982
1164,2020-10-01,10623.330078,353.231293,27.470755
1165,2020-10-02,10585.164063,346.532654,27.32098
1166,2020-10-03,10565.493164,347.321594,28.271854
1167,2020-10-04,10684.428711,353.121918,29.064274
1168,2020-10-05,10804.000977,354.2771,28.658798
1169,2020-10-06,10621.664063,341.021149,27.767237
1170,2020-10-07,10679.136719,342.119781,27.758896
1171,2020-10-08,10923.62793,351.455658,27.749296
1173,2020-10-10,11296.361328,370.96759,28.312487
1174,2020-10-11,11384.181641,375.142059,28.55558
1177,2020-10-14,11429.506836,379.484039,30.912119
1178,2020-10-15,11495.349609,377.441833,31.295864
1179,2020-10-16,11322.123047,366.229004,29.9949
1180,2020-10-17,11358.101563,368.855927,30.248236
1181,2020-10-18,11483.359375,378.213684,30.659523
1182,2020-10-19,11742.037109,379.935608,29.925068
1183,2020-10-20,11916.334961,369.136902,28.803444
1184,2020-10-21,12823.689453,392.189972,29.772354
1185,2020-10-22,12965.891602,413.77298,30.658192
1186,2020-10-23,12931.539063,409.766693,30.633961
1187,2020-10-24,13108.0625,412.457611,30.588821
1188,2020-10-25,13031.173828,406.217773,30.10754
1189,2020-10-26,13075.248047,393.888306,31.15456
1190,2020-10-27,13654.21875,403.99704,31.638721
1191,2020-10-28,13271.285156,388.650757,30.363506
1192,2020-10-29,13437.882813,386.730103,29.842478
1193,2020-10-30,13546.522461,382.819977,28.508411
1194,2020-10-31,13780.995117,386.590332,28.431215
1195,2020-11-01,13737.109375,396.358185,28.461565
1196,2020-11-02,13550.489258,383.156738,27.88393
1197,2020-11-03,13950.300781,387.602173,26.85705
1198,2020-11-04,14133.707031,402.141998,26.931515
1199,2020-11-05,15579.848633,414.067352,27.675859
1200,2020-11-06,15565.880859,454.719299,29.018
1201,2020-11-07,14833.753906,435.713135,27.738094
1202,2020-11-08,15479.567383,453.554779,28.305117
1203,2020-11-09,15332.31543,444.163055,28.018021
1204,2020-11-10,15290.902344,449.679626,28.193342
1205,2020-11-11,15701.339844,462.960541,27.956179
1206,2020-11-12,16276.34375,461.00528,27.614807
1207,2020-11-13,16317.808594,474.626434,28.182173
1208,2020-11-14,16068.138672,460.149841,27.936201
1209,2020-11-15,15955.587891,447.559082,27.621031
1210,2020-11-16,16716.111328,459.940308,28.06411
1211,2020-11-17,17645.40625,480.360077,28.530581
1212,2020-11-18,17804.005859,479.48407,28.076162
1213,2020-11-19,17817.089844,471.630432,28.094105
1214,2020-11-20,18621.314453,509.744568,28.891996
1215,2020-11-21,18642.232422,549.486633,30.391291
1216,2020-11-22,18370.001953,558.068115,29.925072
1217,2020-11-23,18364.121094,608.454041,30.965368
1218,2020-11-24,19107.464844,603.897766,33.80315
1219,2020-11-25,18732.121094,570.686646,31.34296
1220,2020-11-26,17150.623047,518.801147,28.204916
1221,2020-11-27,17108.402344,517.493713,28.475187
1222,2020-11-28,17717.414063,538.229797,29.143911
1223,2020-11-29,18177.484375,575.758057,30.117603
1224,2020-11-30,19625.835938,614.842529,31.392786
1225,2020-12-01,18802.998047,587.324158,30.108303
1226,2020-12-02,19201.091797,598.352356,30.297361
1227,2020-12-03,19445.398438,616.70874,30.70443
1228,2020-12-04,18699.765625,569.354187,29.072208
1229,2020-12-05,19154.230469,596.595459,29.729488
1230,2020-12-06,19345.121094,601.908997,29.540804
1231,2020-12-07,19191.630859,591.843384,29.378136
1232,2020-12-08,18321.144531,554.827759,27.636307
1233,2020-12-09,18553.916016,573.479126,28.129305
1234,2020-12-10,18264.992188,559.678528,27.69619
1235,2020-12-11,18058.904297,545.797363,27.361004
1236,2020-12-12,18803.65625,568.567322,28.164452
1237,2020-12-13,19142.382813,589.663208,29.101692
1238,2020-12-14,19246.644531,586.011169,30.029577
1239,2020-12-15,19417.076172,589.355591,29.547283
1240,2020-12-16,21310.597656,636.181824,30.490194
1241,2020-12-17,22805.162109,642.868958,30.184134
1242,2020-12-18,23137.960938,654.811951,30.93836
1243,2020-12-19,23869.832031,659.297913,33.296356
1244,2020-12-20,23477.294922,638.290833,34.160297
1245,2020-12-21,22803.082031,609.817871,32.269527
1246,2020-12-22,23783.029297,634.854187,33.482948
1247,2020-12-23,23241.345703,583.7146,31.097898
1248,2020-12-24,23735.949219,611.607178,32.500591
1249,2020-12-25,24664.791016,626.410706,33.164974
1250,2020-12-26,26437.037109,635.835815,33.477139
1251,2020-12-27,26272.294922,682.642334,33.511848
1252,2020-12-28,27084.808594,730.397339,35.844559
1253,2020-12-29,27362.4375,731.520142,38.952831
1254,2020-12-30,28840.953125,751.618958,38.136299
1255,2020-12-31,29001.720703,737.803406,37.376034
1256,2021-01-01,29374.152344,730.367554,37.90501
1257,2021-01-02,32127.267578,774.534973,38.241592
1258,2021-01-03,32782.023438,975.50769,41.148979
1259,2021-01-04,31971.914063,1040.233032,40.926353
1260,2021-01-05,33992.429688,1100.006104,41.7346
1261,2021-01-06,36824.363281,1207.112183,42.165955
1262,2021-01-07,39371.042969,1225.678101,43.44949
1263,2021-01-08,40797.609375,1224.197144,42.395317
1264,2021-01-09,40254.546875,1281.077271,43.932854
1265,2021-01-10,38356.441406,1262.246704,42.448475
1266,2021-01-11,35566.65625,1090.145386,38.371361
1267,2021-01-12,33922.960938,1043.43457,38.11161
1268,2021-01-13,37316.359375,1130.73938,40.135933
1269,2021-01-14,39187.328125,1218.453003,41.793682
1270,2021-01-15,36825.367188,1171.834595,40.91898
1271,2021-01-16,36178.140625,1233.537598,43.171825
1272,2021-01-17,35791.277344,1230.172241,45.684612
1273,2021-01-18,36630.074219,1257.279541,45.353172
1274,2021-01-19,36069.804688,1377.295898,42.785534
1275,2021-01-20,35547.75,1382.274048,42.606899
1276,2021-01-21,30825.699219,1121.570923,38.64584
1277,2021-01-22,33005.761719,1236.512207,40.857571
1278,2021-01-23,32067.642578,1230.990601,40.815479
1279,2021-01-24,32289.378906,1391.609375,41.881607
1280,2021-01-25,32366.392578,1324.414795,41.623703
1281,2021-01-26,32569.849609,1357.058105,41.694736
1282,2021-01-27,30432.546875,1253.187134,40.994877
1283,2021-01-28,31649.605469,1298.101807,42.55307
1284,2021-01-29,34316.386719,1382.522827,42.852348
1285,2021-01-30,34269.523438,1376.115479,44.772278
1286,2021-01-31,33114.359375,1314.986206,44.275993
1287,2021-02-01,33537.175781,1369.040527,51.607697
1288,2021-02-02,35510.289063,1515.193726,51.056404
1289,2021-02-03,37472.089844,1660.909546,52.242638
1290,2021-02-04,36926.066406,1594.762695,55.925125
1291,2021-02-05,38144.308594,1718.650879,67.845566
1292,2021-02-06,39266.011719,1677.846802,72.733597
1293,2021-02-07,38903.441406,1614.227783,68.590523
1294,2021-02-08,46196.464844,1746.616821,79.831543
1295,2021-02-09,46481.105469,1768.035034,107.899277
1296,2021-02-10,44918.183594,1744.243408,129.737152
1297,2021-02-11,47909.332031,1783.797974,124.434258
1298,2021-02-12,47504.851563,1843.532593,136.948395
1299,2021-02-13,47105.515625,1814.109863,133.452682
1300,2021-02-14,48717.289063,1805.084106,136.426514
1301,2021-02-15,47945.058594,1779.791016,129.567886
1302,2021-02-16,49199.871094,1781.067505,130.056656
1303,2021-02-17,52149.007813,1848.458252,164.670105
1304,2021-02-18,51679.796875,1937.449219,195.932632
1305,2021-02-19,55888.132813,1960.164795,332.616028
1306,2021-02-20,56099.519531,1919.534058,255.953735
1307,2021-02-21,57539.945313,1935.601074,293.923584
1308,2021-02-22,54207.320313,1781.99292,267.509796
1309,2021-02-23,48824.425781,1570.203979,230.994247
1310,2021-02-24,49705.332031,1626.575684,254.359131
1311,2021-02-25,47093.851563,1475.703735,233.885956
1312,2021-02-26,46339.761719,1446.033691,221.680435
1313,2021-02-27,46188.453125,1459.973145,225.249435
1314,2021-02-28,45137.769531,1416.04895,209.574402
1315,2021-03-01,49631.242188,1564.707642,254.629929
1316,2021-03-02,48378.988281,1492.608765,239.522537
1317,2021-03-03,50538.242188,1575.853149,241.09137
1318,2021-03-04,48561.167969,1541.914307,229.945068
1319,2021-03-05,48927.304688,1533.275024,226.372559
1320,2021-03-06,48912.382813,1654.741577,226.666855
1321,2021-03-07,51206.691406,1723.153809,240.179214
1322,2021-03-08,52246.523438,1834.727905,240.318665
1323,2021-03-09,54824.117188,1868.048828,293.463226
1324,2021-03-10,56008.550781,1799.16626,279.358032
1325,2021-03-11,57805.121094,1826.194946,289.790802
1326,2021-03-12,57332.089844,1772.102417,263.685822
1327,2021-03-13,61243.085938,1924.685425,276.104706
1328,2021-03-14,59302.316406,1854.564331,264.636749
1329,2021-03-15,55907.199219,1791.702271,254.660828
1330,2021-03-16,56804.902344,1806.971802,258.100677
1331,2021-03-17,58870.894531,1823.449341,269.854858
1332,2021-03-18,57858.921875,1782.855103,261.704803
1333,2021-03-19,58346.652344,1817.624146,264.057434
1334,2021-03-20,58313.644531,1812.634644,264.741669
1335,2021-03-21,57523.421875,1788.217041,264.886169
1336,2021-03-22,54529.144531,1691.333984,255.900192
1337,2021-03-23,54738.945313,1678.650146,255.689667
1338,2021-03-24,52774.265625,1593.413452,249.851379
1339,2021-03-25,51704.160156,1595.359253,234.885437
1340,2021-03-26,55137.3125,1702.842041,255.104568
1341,2021-03-27,55973.511719,1716.494629,269.102325
1342,2021-03-28,55950.746094,1691.355957,269.191284
1343,2021-03-29,57750.199219,1819.684937,275.21463
1344,2021-03-30,58917.691406,1846.033691,311.426483
1345,2021-03-31,58918.832031,1918.362061,302.063446
1346,2021-04-01,59095.808594,1977.276855,335.212891
1347,2021-04-02,59384.3125,2143.225586,339.007721
1348,2021-04-03,57603.890625,2028.422485,323.133514
1349,2021-04-04,58758.554688,2093.122803,351.62439
1350,2021-04-05,59057.878906,2107.887207,367.772491
1351,2021-04-06,58192.359375,2118.378906,403.590759
1352,2021-04-07,56048.9375,1971.077271,374.658813
1353,2021-04-08,58323.953125,2088.57373,418.038391
1354,2021-04-09,58245.003906,2072.108887,453.178467
1355,2021-04-10,59793.234375,2135.942139,472.560333
1356,2021-04-11,60204.964844,2157.656982,525.385559
1357,2021-04-12,59893.453125,2139.353271,598.722656
1358,2021-04-13,63503.457031,2299.187744,549.586548
1359,2021-04-14,63109.695313,2435.10498,549.591858
1360,2021-04-15,63314.011719,2519.116211,542.63208
1361,2021-04-16,61572.789063,2431.946533,510.220184
1362,2021-04-17,60683.820313,2344.89502,520.416748
1363,2021-04-18,56216.183594,2237.136963,481.034241
1364,2021-04-19,55724.265625,2166.188721,505.092926
1365,2021-04-20,56473.03125,2330.210938,587.029114
1366,2021-04-21,53906.089844,2364.751709,546.02356
1367,2021-04-22,51762.273438,2403.535156,506.013
1368,2021-04-23,51093.652344,2363.586182,526.565247
1369,2021-04-24,50050.867188,2211.625732,496.41507
1370,2021-04-25,49004.253906,2316.05957,505.077057
1371,2021-04-26,54021.753906,2534.481689,534.577698
1372,2021-04-27,55033.117188,2662.865234,568.47052
1373,2021-04-28,54824.703125,2746.380127,562.632568
1374,2021-04-29,53555.109375,2756.876953,599.706543
1375,2021-04-30,57750.175781,2773.207031,624.080566
1376,2021-05-01,57828.050781,2945.892822,619.347229
1377,2021-05-02,56631.078125,2952.056152,622.101013
1378,2021-05-03,57200.292969,3431.086182,675.684082
1379,2021-05-04,53333.539063,3253.629395,611.200317
1380,2021-05-05,57424.007813,3522.783203,651.66272
1381,2021-05-06,56396.515625,3490.880371,633.280396
1382,2021-05-07,57356.402344,3484.729004,624.563293
1383,2021-05-08,58803.777344,3902.647705,646.10083
1384,2021-05-09,58232.316406,3928.844727,662.228577
1385,2021-05-10,55859.796875,3952.293945,631.35199
1386,2021-05-11,56704.574219,4168.701172,672.333923
1387,2021-05-12,49150.535156,3785.848633,588.185181
1388,2021-05-13,49716.191406,3715.148438,571.434509
1389,2021-05-14,49880.535156,4079.057373,603.128296
1390,2021-05-15,46760.1875,3638.12207,563.041687
1391,2021-05-16,46456.058594,3587.506104,562.829834
1392,2021-05-17,43537.511719,3282.397705,511.964386
1393,2021-05-18,42909.402344,3380.070068,508.022308
1394,2021-05-19,37002.441406,2460.679199,339.025482
1395,2021-05-20,40782.738281,2784.294189,393.612762
1396,2021-05-21,37304.691406,2430.621338,326.296326
1397,2021-05-22,37536.632813,2295.705566,299.504089
1398,2021-05-23,34770.582031,2109.579834,262.945679
1399,2021-05-24,38705.980469,2643.591064,345.309631
1400,2021-05-25,38402.222656,2706.628906,344.113983
1401,2021-05-26,39294.199219,2888.69873,379.854309
1402,2021-05-27,38436.96875,2736.488525,367.655792
1403,2021-05-28,35697.605469,2419.90625,329.879913
1404,2021-05-29,34616.066406,2279.51416,305.052155
1405,2021-05-30,35678.128906,2390.30542,325.784027
1406,2021-05-31,37332.855469,2714.945313,354.329346
1407,2021-06-01,36684.925781,2633.518311,362.794647
1408,2021-06-02,37575.179688,2706.125,401.262329
1409,2021-06-03,39208.765625,2855.126465,427.807922
1410,2021-06-04,36894.40625,2688.195068,391.395325
1411,2021-06-05,35551.957031,2630.576904,390.431854
1412,2021-06-06,35862.378906,2715.092773,393.820221
1413,2021-06-07,33560.707031,2590.263184,357.310211
1414,2021-06-08,33472.632813,2517.438721,354.001373
1415,2021-06-09,37345.121094,2608.26709,375.73468
1416,2021-06-10,36702.597656,2471.518555,352.183197
1417,2021-06-11,37334.398438,2353.768799,345.933685
1418,2021-06-12,35552.515625,2372.484375,343.741028
1419,2021-06-13,39097.859375,2508.391602,366.648956
1420,2021-06-14,40218.476563,2537.891113,368.792755
1421,2021-06-15,40406.269531,2610.936768,373.566162
1422,2021-06-16,38347.0625,2367.663574,347.033447
1423,2021-06-17,38053.503906,2372.001953,352.738525
1424,2021-06-18,35787.246094,2231.733154,336.809692
1425,2021-06-19,35615.871094,2178.499023,335.71283
1426,2021-06-20,35698.296875,2246.364502,340.0672
1427,2021-06-21,31676.693359,1888.44751,270.984436
1428,2021-06-22,32505.660156,1874.950073,261.818085
1429,2021-06-23,33723.027344,1989.736328,294.490295
1430,2021-06-24,34662.4375,1988.456299,308.397034
1431,2021-06-25,31637.779297,1813.217285,281.620911
1432,2021-06-26,32186.277344,1829.239258,279.438049
1433,2021-06-27,34649.644531,1978.894653,290.567017
1434,2021-06-28,34434.335938,2079.657471,289.534119
1435,2021-06-29,35867.777344,2160.768311,300.211548
1436,2021-06-30,35040.835938,2274.547607,303.295868
1437,2021-07-01,33572.117188,2113.605469,288.218414
1438,2021-07-02,33897.046875,2150.040283,287.423096
1439,2021-07-03,34668.546875,2226.114258,298.237122
1440,2021-07-04,35287.78125,2321.724121,307.732086
1441,2021-07-05,33746.003906,2198.58252,302.377991
1442,2021-07-06,34235.195313,2324.679443,320.934814
1443,2021-07-07,33855.328125,2315.161865,327.522461
1444,2021-07-08,32877.371094,2120.026367,310.427124
1445,2021-07-09,33798.011719,2146.692383,316.484528
1446,2021-07-10,33520.519531,2111.403564,316.140137
1447,2021-07-11,34240.1875,2139.664795,322.031647
1448,2021-07-12,33155.847656,2036.721069,316.328186
1449,2021-07-13,32702.025391,1940.083984,308.811157
1450,2021-07-14,32822.347656,1994.331299,309.406372
1451,2021-07-15,31780.730469,1911.175659,315.244019
1452,2021-07-16,31421.539063,1880.382935,302.985596
1453,2021-07-17,31533.068359,1898.825195,300.497925
1454,2021-07-18,31796.810547,1895.552124,302.480499
1455,2021-07-19,30817.832031,1817.296631,280.018616
1456,2021-07-20,29807.347656,1787.510742,264.782379
1457,2021-07-21,32110.693359,1990.970825,292.531372
1458,2021-07-22,32313.105469,2025.202759,293.641144
1459,2021-07-23,33581.550781,2124.776611,299.28299
1460,2021-07-24,34292.445313,2189.21875,302.071869
1461,2021-07-25,35350.1875,2191.373779,302.436157
1462,2021-07-26,37337.535156,2233.366699,304.478241
1463,2021-07-27,39406.941406,2298.333496,313.6026
1464,2021-07-28,39995.90625,2296.54541,313.42865
1465,2021-07-29,40008.421875,2380.956787,316.749451
1466,2021-07-30,42235.546875,2466.961426,322.909363
1467,2021-07-31,41626.195313,2536.209961,333.549591
1468,2021-08-01,39974.894531,2561.852051,333.484009
1469,2021-08-02,39201.945313,2610.15332,331.103119
1470,2021-08-03,38152.980469,2502.349609,322.747742
1471,2021-08-04,39747.503906,2724.619873,334.918793
1472,2021-08-05,40869.554688,2827.328857,337.873871
1473,2021-08-06,42816.5,2890.94165,342.136993
1474,2021-08-07,44555.800781,3157.23877,355.741364
1475,2021-08-08,43798.117188,3013.732666,342.064758
1476,2021-08-09,46365.402344,3167.856201,354.966827
1477,2021-08-10,45585.03125,3141.691162,371.954376
1478,2021-08-11,45593.636719,3164.245117,391.75705
1479,2021-08-12,44428.289063,3043.414307,385.81897
1480,2021-08-13,47793.320313,3322.21167,410.944885
1481,2021-08-14,47096.945313,3265.443359,409.034485
1482,2021-08-15,47047.003906,3310.50415,414.595032
1483,2021-08-16,46004.484375,3156.509521,417.470856
1484,2021-08-17,44695.359375,3014.845947,401.908905
1485,2021-08-18,44801.1875,3020.089844,398.251465
1486,2021-08-19,46717.578125,3182.702148,430.988861
1487,2021-08-20,49339.175781,3286.935303,454.93631
1488,2021-08-21,48905.492188,3226.083984,448.920258
1489,2021-08-22,49321.652344,3242.115479,449.053497
1490,2021-08-23,49546.148438,3319.257324,499.890594
1491,2021-08-24,47706.117188,3172.456299,471.595459
1492,2021-08-25,48960.789063,3224.915283,502.786255
1493,2021-08-26,46942.21875,3100.325439,479.006104
1494,2021-08-27,49058.667969,3270.60083,494.498688
1495,2021-08-28,48902.402344,3244.40332,486.19693
1496,2021-08-29,48829.832031,3227.002686,480.28302
1497,2021-08-30,47054.984375,3224.374268,459.490753
1498,2021-08-31,47166.6875,3433.732666,464.418732
1499,2021-09-01,48847.027344,3834.828125,490.068726
1500,2021-09-02,49327.722656,3790.98999,483.921051
1501,2021-09-03,50025.375,3940.614746,488.604706
1502,2021-09-04,49944.625,3887.828369,498.07843
1503,2021-09-05,51753.410156,3952.133545,504.619873
1504,2021-09-06,52633.535156,3928.379395,495.925018
1505,2021-09-07,46811.128906,3426.394287,417.508789
1506,2021-09-08,46091.390625,3497.315186,415.113159
1507,2021-09-09,46391.421875,3427.340088,421.27002
1508,2021-09-10,44883.910156,3211.505859,401.621796
1509,2021-09-11,45201.457031,3270.278076,405.527374
1510,2021-09-12,46063.269531,3410.134521,416.683228
1511,2021-09-13,44963.074219,3285.511719,399.063446
1512,2021-09-14,47092.492188,3429.169678,414.236237
1513,2021-09-15,48176.347656,3615.282715,431.423035
1514,2021-09-16,47783.359375,3571.294922,424.649231
1515,2021-09-17,47267.519531,3398.538818,406.632813
1516,2021-09-18,48278.363281,3432.018311,410.809296
1517,2021-09-19,47260.21875,3329.447998,408.471649
1518,2021-09-20,42843.800781,2958.993408,361.965912
1519,2021-09-21,40693.675781,2764.431152,344.534607
1520,2021-09-22,43574.507813,3077.86792,379.440338
1521,2021-09-23,44895.097656,3155.523682,383.820404
1522,2021-09-24,42839.75,2931.669189,355.316284
1523,2021-09-25,42716.59375,2925.565674,349.880096
1524,2021-09-26,43208.539063,3062.265381,344.181763
1525,2021-09-27,42235.730469,2934.138916,336.191223
1526,2021-09-28,41034.542969,2807.296631,333.032593
1527,2021-09-29,41564.363281,2853.143311,367.989594
1528,2021-09-30,43790.894531,3001.678955,387.057343
1529,2021-10-01,48116.941406,3307.516113,421.643188
1530,2021-10-02,47711.488281,3391.694336,428.098328
1531,2021-10-03,48199.953125,3418.358643,430.50882
1532,2021-10-04,49112.902344,3380.089111,425.748901
1533,2021-10-05,51514.8125,3518.518555,442.706146
1534,2021-10-06,55361.449219,3580.562012,435.401367
1535,2021-10-07,53805.984375,3587.974854,438.761749
1536,2021-10-08,53967.847656,3563.759277,419.102051
1537,2021-10-09,54968.222656,3575.716797,421.549469
1538,2021-10-10,54771.578125,3425.852783,405.069305
1539,2021-10-11,57484.789063,3545.354004,413.456207
1540,2021-10-12,56041.058594,3492.573242,443.867523
1541,2021-10-13,57401.097656,3606.20166,470.749695
1542,2021-10-14,57321.523438,3786.01416,472.0224
1543,2021-10-15,61593.949219,3862.634766,473.702637
1544,2021-10-16,60892.179688,3830.38208,465.642456
1545,2021-10-17,61553.617188,3847.104492,470.625549
1546,2021-10-18,62026.078125,3748.760254,485.111023
1547,2021-10-19,64261.992188,3877.650879,488.148865
1548,2021-10-20,65992.835938,4155.992188,501.020325
1549,2021-10-21,62210.171875,4054.322754,471.256927
1550,2021-10-22,60692.265625,3970.181885,478.643158
1551,2021-10-23,61393.617188,4171.663574,485.906433
1552,2021-10-24,60930.835938,4087.903076,476.633118
1553,2021-10-25,63039.824219,4217.876953,484.645081
1554,2021-10-26,60363.792969,4131.102051,478.025055
1555,2021-10-27,58482.386719,3930.257324,449.007996
1556,2021-10-28,60622.136719,4287.318848,492.015533
1557,2021-10-29,62227.964844,4414.746582,529.622131
1558,2021-10-30,61888.832031,4325.650391,527.921204
1559,2021-10-31,61318.957031,4288.074219,524.364441
1560,2021-11-01,61004.40625,4324.626953,551.25592
1561,2021-11-02,63226.402344,4584.798828,554.447632
1562,2021-11-03,62970.046875,4607.193848,568.578796
1563,2021-11-04,61452.230469,4537.324219,559.737305
